"","time","S1","S2","S3","S4","S5","S6","S7","S8","S9","S10","S11","S12","S13","S14","S15","S16","S17","S18","S19","S20","S21","S22","S23","S24","S25","S26","S27","S28","S29","S30","S31","S32","S33","S34","S35","S36","S37","S38","S39","S40","S41","S42","S43","S44","S45","S46","S47","S48","S49","S50","S51","S52","S53","S54","S55","S56","S57","S58","S59","S60","S61","S62","S63"
"1",0,15836.7174310659,810.032406997779,3559.20998781561,3.2936887668831e-119,1.657658651682e-59,1.49563186617928e-59,1.6992501782258e-111,6958.45692402603,402.589903891137,2640.27171558673,15.7601585815682,11.5750185073373,6.91500388046648,42.888790748093,6114.91260192506,386.460389606198,3433.08101394683,19.0396328473076,14.8637309531408,8.21397932880237,72.0140565276956,5373.62067829349,368.736293032295,4145.42532030413,19.4532983601682,15.6014612657519,8.33995885962374,86.7666904323998,4722.18651581586,352.223909058668,4777.44207699097,19.18308870876,15.5497453089157,8.20725212713508,92.8864407486959,4149.71846639089,337.429888861984,5334.33543726748,18.7567787911451,15.2633645623348,8.01993239154643,94.5461723590156,3646.64557215018,324.309209655154,5823.04433890178,18.3141787793155,14.9221050088202,7.82946956418059,94.0900878894638,3204.557366046,312.699751847522,6250.78935207187,17.8955968175062,14.5853478596373,7.65044514591884,92.7220244736445,2816.06308204675,302.428494032731,6624.45527459576,17.5123702157429,14.2721553042412,7.48688996483905,91.0313714616852
"2",0.1,15836.7176958024,810.032407923698,3559.20972995638,3.18580520442962e-119,1.63026400946217e-59,1.47091489575537e-59,1.6467523112849e-111,6958.45716371157,402.589906745648,2640.27149640347,15.7601585145547,11.5750184274166,6.91500385575697,42.8887898286614,6114.912959469,386.460395554617,3433.08068576503,19.0396328181597,14.8637308723367,8.21397932411819,72.0140547316598,5373.6211495391,368.736301853458,4145.42487396103,19.4532984021226,15.6014612247588,8.33995888701307,86.7666881042117,4722.18708369111,352.223920052043,4777.44151628995,19.1830888106326,15.5497453101039,8.20725218050209,92.8864381694323,4149.71910316847,337.429901146458,5334.33478247994,18.7567789261506,15.2633645899897,8.01993245889749,94.5461696744696,3646.64624175071,324.309222362368,5823.04362857199,18.3141789216947,14.9221050444277,7.82946963434484,94.0900851500022,3204.55802632716,312.699764207279,6250.78864136561,17.8955969490771,14.5853478889498,7.65044521112889,92.7220216826827,2816.06368732461,302.428505357973,6624.45462936853,17.5123703245092,14.2721553171575,7.48689002003909,91.0313685951845
"3",0.2,15836.7179564225,810.032409320952,3559.20947505552,3.08145534132462e-119,1.603322093805e-59,1.4466064004256e-59,1.59587635621507e-111,6958.45740053434,402.589909818904,2640.27127944691,15.760158457269,11.5750183548805,6.91500383527795,42.8887889402532,6114.91331362032,386.460401701169,3433.08036047404,19.0396328007175,14.863730801115,8.21397932442166,72.0140529899867,5373.62161716596,368.736310860059,4145.42443099175,19.4532984561058,15.6014611939656,8.33995891948707,86.7666858440621,4722.1876480256,352.223931226618,4777.44095915344,19.1830889246045,15.549745321688,8.20725223897174,92.886435665556,4149.71973677186,337.429913613757,5334.33413104994,18.7567790732969,15.2633646281116,8.0199325313674,94.5461670688911,3646.6469088094,324.30923525728,5823.04292093116,18.3141790761978,14.922105090488,7.82946970962201,94.0900824907736,3204.55868493573,312.699776761644,6250.78793223052,17.8955970926835,14.5853479286325,7.65044528141594,92.7220189718929,2816.06429199563,302.428516887219,6624.45398425145,17.5123704452284,14.2721553403657,7.48689008028234,91.0313658084427
"4",0.3,15836.7182129497,810.032411185499,3559.20922309973,2.98052342745728e-119,1.57682542323157e-59,1.4226996299834e-59,1.54657220282742e-111,6958.45763450593,402.589913108841,2640.27106470809,15.7601584096286,11.5750182896679,6.91500381899333,42.8887880826387,6114.91366438809,386.46040804375,3433.08003806436,19.0396327948768,14.8637307393933,8.21397932966799,72.0140513022778,5373.62208117902,368.736320049947,4145.42399138868,19.4532985220068,15.6014611732823,8.33995895699826,86.7666836514586,4722.18820881916,352.223942580209,4777.44040557875,19.183089050563,15.5497453435757,8.20725230249603,92.886433236534,4149.72036719515,337.429926261689,5334.33348298266,18.7567792324738,15.26336467661,8.01993260890914,94.5461645417422,3646.64757331421,324.309248337719,5823.04221599445,18.3141792427185,14.922105146914,7.8294697899669,94.0900799112546,3204.55934185334,312.699789508457,6250.78722469232,17.8955972482238,14.5853479786018,7.65044535673666,92.72201634077,2816.06489603526,302.428528618286,6624.4533392793,17.512370577801,14.2721553737836,7.48689014552635,91.0313631009628
"5",0.4,15836.7184654077,810.032413513308,3559.20897407572,2.88289750056963e-119,1.55076663943971e-59,1.39918794535916e-59,1.49879128745007e-111,6958.45786563799,402.589916613402,2640.27085217804,15.7601583715512,11.5750182317176,6.91500380686711,42.8887872555883,6114.91401178151,386.460414580267,3433.07971852639,19.0396328005338,14.8637306870896,8.21397933981254,72.0140496681356,5373.62254158343,368.736329420977,4145.42355514409,19.4532985997148,15.6014611626191,8.3399589994993,86.7666815259095,4722.18876607182,352.223954110636,4777.439855563,19.183089188396,15.5497453756755,8.20725237102706,92.8864308818342,4149.72099443266,337.429939088073,5334.33283828303,18.7567794035712,15.2633647353946,8.01993269147573,94.5461620924855,3646.64823525329,324.30926160152,5823.04151377675,18.3141794211512,14.9221052136187,7.82946987533439,94.090077410922,3204.55999706182,312.699802445566,6250.78651877638,17.8955974155964,14.5853480387741,7.65044543704776,92.7220137888088,2816.06549941916,302.428540548999,6624.45269448656,17.5123707221276,14.2721554173294,7.48689021572873,91.031360472248
"6",0.5,15836.71871382,810.032416300365,3559.20872797013,2.78846927429583e-119,1.52513850586612e-59,1.37606481732285e-59,1.45248655006951e-111,6958.45809394228,402.589920330536,2640.27064184775,15.7601583429548,11.5750181809688,6.91500379886344,42.8887864588731,6114.91435580991,386.460421308633,3433.07940185049,19.0396328175851,14.8637306441222,8.2139793548108,72.0140480871633,5373.62299838445,368.736338971016,4145.42312225016,19.4532986891194,15.6014611618865,8.33995904694298,86.7666794669238,4722.1893197838,352.223965815731,4777.43930910313,19.1830893379915,15.5497454178954,8.20725244451708,92.8864286009246,4149.72161847887,337.429952090734,5334.33219695572,18.7567795864792,15.263364804375,8.01993277902033,94.5461597205834,3646.64889461503,324.309275046524,5823.04081429262,18.3141796113901,14.9221052905152,7.82946996567943,94.0900749892523,3204.56065054324,312.699815570824,6250.78581450777,17.8955975947,14.5853481090659,7.65044552230605,92.722011315504,2816.06610212324,302.428552677192,6624.45204990743,17.5123708781089,14.2721554709214,7.48689029084721,91.0313579218015
"7",0.6,15836.7189582103,810.032419542665,3559.20848476962,2.69713400915416e-119,1.49993390553974e-59,1.35332382454717e-59,1.40761238457995e-111,6958.45831943062,402.589924258203,2640.27043370819,15.7601583237577,11.5750181373606,6.91500379494655,42.8887856922649,6114.91469648272,386.460428226771,3433.07908802696,19.0396328459275,14.8637306104096,8.21397937461844,72.0140465589649,5373.6234515875,368.736348697938,4145.42269269893,19.4532987901105,15.6014611709952,8.33995909928225,86.7666774740115,4722.18986995546,352.223977693332,4777.43876619593,19.1830894992379,15.5497454701443,8.20725252291847,92.8864263932741,4149.72223932846,337.429965267504,5334.33155900519,18.756779781088,15.2633648834611,8.01993287149618,94.5461574254989,3646.64955138801,324.30928867058,5823.04011755635,18.3141798133299,14.9221053775166,7.82947006095708,94.0900726457223,3204.56130227988,312.699828882094,6250.78511191123,17.8955977854335,14.585348189394,7.65044561246839,92.7220089203504,2816.06670412366,302.428565000703,6624.4514055758,17.512371045646,14.2721555344781,7.48689037083961,91.031355449127
"8",0.7,15836.7191986025,810.032423236218,3559.2082444608,2.60879039636291e-119,1.47514583910532e-59,1.33095865182437e-59,1.36412459386272e-111,6958.45854211489,402.589928394367,2640.27022775031,15.7601583138784,11.5750181008327,6.91500379508081,42.8887849555358,6114.91503380949,386.460435332614,3433.07877704605,19.0396328854581,14.8637305858705,8.21397939919125,72.0140450831455,5373.62390119816,368.736358599625,4145.42226648236,19.4532989025783,15.6014611898561,8.33995915647023,86.7666755466834,4722.19041658735,352.223989741286,4777.438226838,19.1830896720239,15.5497455323309,8.20725260618371,92.8864242583519,4149.72285697632,337.429978616224,5334.33092443564,18.7567799872885,15.2633649725631,8.01993296885664,94.5461552066949,3646.65020556102,324.309302471543,5823.03942358194,18.3141800268652,14.9221054745363,7.82947016112244,94.0900703798085,3204.56195225427,312.699842377242,6250.78441101121,17.8955979876957,14.585348279675,7.65044570749177,92.7220066028429,2816.06730539678,302.428577517382,6624.45076152526,17.5123712246402,14.2721556079181,7.48689045566385,91.0313530537284
"9",0.8,15836.7194350202,810.032427377046,3559.20800703028,2.52334044547149e-119,1.45076742287967e-59,1.30896308831251e-59,1.32198034625685e-111,6958.45876200708,402.589932737004,2640.27002396501,15.7601583132357,11.5750180713247,6.91500379923072,42.8887842484589,6114.9153677999,386.460442624102,3433.07846889795,19.0396329360746,14.863730570424,8.21397942848519,72.0140436593107,5373.62434722214,368.736368673971,4145.4218435923,19.4532990264136,15.6014612183806,8.33995921846014,86.7666736844511,4722.1909596802,352.224001957448,4777.43769102577,19.1830898562383,15.5497456043641,8.20725269426544,92.8864221956281,4149.72347141751,337.429992134742,5334.33029325106,18.7567802049712,15.2633650715913,8.01993307105516,94.5461530636351,3646.65085712307,324.309316447277,5823.03873238309,18.314180251891,14.9221055814878,7.82947026613073,94.0900681909879,3204.56260044913,312.699856054144,6250.78371183183,17.8955982013861,14.5853483798261,7.65044580733322,92.7220043624765,2816.06790591921,302.428590225084,6624.4501177891,17.5123714149929,14.2721556911602,7.48689054527794,91.0313507351098
"10",0.9,15836.7196674874,810.032431961184,3559.20777246464,2.44068937566975e-119,1.4267918869401e-59,1.28733102581065e-59,1.28113813337364e-111,6958.45897911921,402.589937284094,2640.26982234319,15.7601583217487,11.5750180487765,6.91500380736087,42.8887835708075,6114.91569846371,386.460450099184,3433.07816357278,19.0396329976748,14.8637305639892,8.21397946245636,72.0140422870675,5373.62478966533,368.736378918876,4145.42142402047,19.4532991615071,15.6014612564801,8.3399592852054,86.7666718868272,4722.1914992349,352.224014339683,4777.43715875552,19.1830900517706,15.5497456861534,8.20725278711643,92.8864202045731,4149.7240826473,337.430005820912,5334.32966545519,18.7567804340275,15.2633651804559,8.0199331780453,94.546150995783,3646.65150606336,324.309330595651,5823.03804397323,18.3141804883024,14.9221056982848,7.82947037593726,94.0900660787373,3204.56324684743,312.699869910682,6250.78301439691,17.8955984264039,14.5853484897643,7.65044591194986,92.722002198746,2816.06850566779,302.428603121673,6624.44947440033,17.5123716166059,14.2721557841234,7.48689063964,91.0313484927756
"11",1,15836.7198960279,810.032436984681,3559.20754075045,2.36074551065745e-119,1.40321257324438e-59,1.26605645706262e-59,1.24155772921449e-111,6958.4591934634,402.589942033628,2640.26962287572,15.7601583393367,11.5750180331282,6.915003819436,42.8887829223555,6114.91602581084,386.460457755818,3433.07786106062,19.039633070157,14.8637305664857,8.21397950106103,72.0140409660233,5373.62522853371,368.73638933225,4145.42100775853,19.4532993077503,15.6014613040663,8.33995935665956,86.7666701533249,4722.19203525251,352.224026885864,4777.43663002335,19.1830902585102,15.5497457776082,8.20725288468957,92.8864182846584,4149.72469066113,337.430019672598,5334.32904105154,18.7567806743485,15.2633652990678,8.01993328978074,94.5461490026029,3646.65215237133,324.309344914542,5823.0373583655,18.3141807359947,14.9221058248411,7.82947049049739,94.0900640425337,3204.56389143235,312.699883944747,6250.78231872996,17.8955986626488,14.5853486094068,7.65044602129893,92.7220001111466,2816.06910461957,302.428616205019,6624.44883139165,17.512371829381,14.2721558867267,7.48689073870826,91.0313463262308
"12",1.1,15836.7201206658,810.032442443598,3559.20731187426,2.28342017695718e-119,1.38002293378177e-59,1.24513347408885e-59,1.20320015055186e-111,6958.45940505185,402.589946983603,2640.26942555345,15.7601583659194,11.5750180243199,6.91500383542095,42.8887823028778,6114.91634985128,386.460465591971,3433.0775613515,19.0396331534198,14.8637305778333,8.21397954425559,72.0140396957868,5373.62566383346,368.736399912013,4145.420594798,19.4532994650348,15.6014613610514,8.33995943277632,86.7666684834587,4722.19256773426,352.224039593871,4777.4361048252,19.183090476347,15.5497458786381,8.20725298693789,92.8864164353558,4149.72529545465,337.430033687672,5334.3284200434,18.7567809258259,15.2633654273376,8.01993340621526,94.5461470835591,3646.65279603659,324.309359401835,5823.03667557276,18.3141809948634,14.9221059610705,7.82947060976661,94.0900620818543,3204.56453418729,312.699898154233,6250.78162485417,17.8955989100205,14.5853487386711,7.65044613533771,92.7219980991735,2816.06970275186,302.428629473001,6624.44818879547,17.5123720532206,14.2721559988896,7.48689084244102,91.0313442349802
"13",1.2,15836.720341425,810.032448334011,3559.2070858226,2.20862760555799e-119,1.35721652875468e-59,1.2245562665456e-59,1.16602761853417e-111,6958.45961389679,402.589952132025,2640.2692303672,15.7601584014166,11.5750180222923,6.91500385528069,42.8887817121494,6114.91667059515,386.46047360562,3433.07726443538,19.0396332473621,14.8637305979521,8.21397959199663,72.0140384759675,5373.62609557085,368.736410656093,4145.42018513034,19.4532996332526,15.6014614273476,8.33995951350956,86.7666668767438,4722.19309668154,352.224052461594,4777.43558315686,19.1830907051713,15.5497459891533,8.20725309381457,92.8864146561381,4149.72589702368,337.430047864011,5334.32780243382,18.7567811883515,15.2633655651765,8.01993352730274,94.5461452381167,3646.65343704896,324.309374055421,5823.03599560757,18.3141812648043,14.9221061068872,7.82947073370048,94.0900601961765,3204.56517509587,312.699912537046,6250.78093279245,17.8955991684192,14.5853488774746,7.65044625402358,92.721996162322,2816.07030004218,302.428642923506,6624.44754664391,17.5123722880269,14.2721561205314,7.4868909507967,91.0313422185295
"14",1.3,15836.7205583297,810.032454652007,3559.206862582,2.13628483678075e-119,1.33478702479026e-59,1.20431912011153e-59,1.13000352147692e-111,6958.45982001055,402.589957476907,2640.26903730777,15.7601584457486,11.5750180269859,6.91500387898031,42.8887811499462,6114.91698805266,386.46048179475,3433.0769703022,19.0396333518833,14.8637306267624,8.21397964424086,72.0140373061757,5373.62652375234,368.736421562428,4145.41977874687,19.4532998122961,15.6014615028674,8.33995959881329,86.7666653326965,4722.19362209593,352.224065486931,4777.43506501394,19.1830909448735,15.5497461090638,8.20725320527292,92.8864129464786,4149.72649536422,337.430062199503,5334.32718822565,18.7567814618173,15.2633657124955,8.01993365299719,94.5461434657408,3646.65407539849,324.309388873198,5823.03531848225,18.3141815457133,14.9221062622054,7.82947086225467,94.0900583849777,3204.56581414192,312.699927091096,6250.78024256737,17.8955994377448,14.5853490257349,7.65044637731403,92.7219943000878,2816.07089646828,302.428656554429,6624.44690496877,17.5123725337027,14.2721562515718,7.48689106373384,91.0313402763844
"15",1.4,15836.7207714039,810.032461393688,3559.20664213895,2.06631162825947e-119,1.31272819318167e-59,1.18441641490078e-59,1.09509237880345e-111,6958.46002340552,402.589963016271,2640.26884636594,15.7601584988357,11.5750180383416,6.91500390648503,42.8887806160446,6114.91730223415,386.460490157354,3433.07667894182,19.0396334668831,14.8637306641848,8.21397970094516,72.014036186023,5373.62694838449,368.736432628965,4145.41937563885,19.4533000020581,15.6014615875239,8.3399596886417,86.7666638508341,4722.19414397914,352.224078667791,4777.43455039191,19.1830911953445,15.5497462382802,8.20725332126638,92.8864113058517,4149.72709047248,337.430076692043,5334.32657742148,18.7567817461158,15.2633658692062,8.01993378325274,94.5461417658973,3646.65471107541,324.309403853073,5823.0346442088,18.3141818374867,14.9221064269395,7.82947099538491,94.0900566477358,3204.56645130951,312.699941814301,6250.77955420123,17.895599717898,14.58534918337,7.65044650516662,92.7219925119663,2816.07149200812,302.428670363671,6624.44626380158,17.5123727901509,14.2721563919307,7.48689118121105,91.0313384080511
"16",1.5,15836.7209806717,810.032468555169,3559.20642447995,1.99863036593678e-119,1.29103390815834e-59,1.16484262390229e-59,1.0612598060996e-111,6958.46022409414,402.589968748146,2640.26865753247,15.7601585605987,11.5750180563005,6.91500393776018,42.8887801102218,6114.91761315005,386.460498691435,3433.07639034406,19.0396335922614,14.86373071014,8.21397976206657,72.0140351151216,5373.62736947402,368.736443853659,4145.41897579742,19.4533002024316,15.60146168123,8.33995978294911,86.7666624306746,4722.19466233307,352.224092002088,4777.43403928607,19.1830914564755,15.5497463767132,8.20725344174854,92.8864097337321,4149.72768234483,337.430091339534,5334.32597002371,18.7567820411397,15.26336603522,8.01993391802362,94.5461401380524,3646.65534407014,324.309418992959,5823.03397279898,18.3141821400207,14.9221066010041,7.82947113304707,94.0900549839287,3204.5670865829,312.699956704587,6250.778867716,17.8956000087791,14.5853493502978,7.650446637539,92.7219907974537,2816.07208663991,302.428684349144,6624.44562317358,17.5123730572744,14.2721565415281,7.48689130318707,91.0313366130362
"17",1.6,15836.7211861574,810.032476132577,3559.20620959148,1.93316597797463e-119,1.26969814518483e-59,1.14559231144499e-59,1.02847248124811e-111,6958.46042208893,402.589974670569,2640.2684707981,15.7601586309586,11.5750180808039,6.91500397277122,42.8887796322553,6114.9179208109,386.460507395004,3433.07610449871,19.0396337279187,14.8637307645494,8.21397982756228,72.0140340930848,5373.62778702777,368.736455234476,4145.41857921364,19.4533004133102,15.6014617838992,8.33995988169004,86.7666610717374,4722.19517715977,352.224105487748,4777.4335316916,19.183091728158,15.5497465242736,8.20725356667316,92.8864082295957,4149.72827097784,337.430106139886,5334.32536603451,18.7567823467816,15.2633662104489,8.01993405726418,94.5461385816728,3646.65597437333,324.309434290777,5823.03330426427,18.314182453212,14.9221067843139,7.82947127519708,94.0900533930346,3204.56771994658,312.699971759886,6250.77818313337,17.8956003102892,14.5853495264364,7.65044677438892,92.7219891560459,2816.07268034207,302.428698508764,6624.44498311569,17.5123733349768,14.2721567002841,7.48689142962072,91.0313348908465
"18",1.7,15836.7213878852,810.032484122055,3559.20599745999,1.8698458514849e-119,1.24871497928781e-59,1.12666013168827e-59,9.96698111609257e-112,6958.46061740246,402.589980781587,2640.26828615357,15.7601587098368,11.5750181117931,6.91500401148373,42.8887791819235,6114.91822522733,386.460516266084,3433.07582139549,19.0396338737557,14.8637308273342,8.21397989738965,72.0140331195272,5373.62820105274,368.73646676939,4145.41818587847,19.4533006345876,15.6014618954452,8.33995998481914,86.7666597735427,4722.19568846145,352.224119122705,4777.43302760347,19.1830920102838,15.5497466808728,8.2072536959941,92.8864067929192,4149.72885636825,337.430121091018,5334.32476545583,18.7567826629349,15.2633663948047,8.0199342009289,94.5461370962259,3646.65660197581,324.309449744455,5823.03263861585,18.3141827769575,14.9221069767838,7.829471421791,94.0900518745322,3204.56835138525,312.69998697814,6250.7775004747,17.8956006223292,14.5853497117041,7.65044691567421,92.7219875872393,2816.07327309325,302.428712840458,6624.44434365857,17.5123736231616,14.2721568681191,7.48689156047095,91.0313332409895
"19",1.8,15836.7215858793,810.032492519756,3559.20578807195,1.80859975198734e-119,1.22807858341068e-59,1.10804082713748e-59,9.65905402215413e-112,6958.46081004737,402.589987079253,2640.26810358956,15.7601587971547,11.5750181492099,6.91500405386343,42.8887787590054,6114.91852641008,386.460525302705,3433.07554102408,19.0396340296735,14.8637308984163,8.21397997150619,72.0140321940639,5373.62861155605,368.736478456385,4145.41779578278,19.4533008661582,15.601462015782,8.33996009229123,86.7666585356119,4722.1961962405,352.224132904901,4777.43252701656,19.183092302745,15.5497468464221,8.20725382966539,92.8864054231799,4149.72943851298,337.430136190858,5334.32416828941,18.7567829894931,15.2633665881997,8.01993434897238,94.5461356811796,3646.65722686861,324.309465351931,5823.03197586466,18.3141831111541,14.9221071783289,7.82947157278495,94.0900504279003,3204.56898088381,312.700002357296,6250.77681976109,17.8956009448003,14.5853499060194,7.6504470613528,92.7219860905305,2816.07386487231,302.42872734216,6624.44370483256,17.5123739217327,14.2721570449538,7.48689169569681,91.031331662973
"20",1.9,15836.721780164,810.032501321849,3559.20558141379,1.74935974550578e-119,1.2077832267954e-59,1.08972922718384e-59,9.36064024948247e-112,6958.46100003635,402.589993561629,2640.26792309676,15.7601588928342,11.5750181929962,6.91500409987614,42.8887783632805,6114.91882437,386.460534502904,3433.07526337412,19.0396341955737,14.8637309777174,8.21398004986958,72.0140313163114,5373.62901854495,368.736490293455,4145.41740891737,19.4533011079166,15.6014621448238,8.33996020406131,86.7666573574672,4722.19670049944,352.224146832288,4777.43202992555,19.1830926054343,15.5497470208333,8.20725396764121,92.8864041198561,4149.73001740915,337.43015143734,5334.32357453678,18.7567833263497,15.2633667905463,8.01993450134933,94.5461343360021,3646.65784904297,324.309481111146,5823.03131602136,18.3141834556992,14.9221073888643,7.8294717281352,94.0900490526181,3204.5696084274,312.700017895308,6250.7761410133,17.895601277604,14.5853501093008,7.65044721138272,92.7219846654165,2816.07445565834,302.42874201181,6624.44306666772,17.5123742305941,14.2721572307088,7.48689183525743,91.0313301563052
"21",2,15836.7219707636,810.032510524517,3559.20537747194,1.69206012321596e-119,1.18782327339104e-59,1.07172024666863e-59,9.07144588668185e-112,6958.46118738216,402.590000226784,2640.26774466585,15.7601589967975,11.5750182430941,6.91500414948784,42.888777994529,6114.91911911803,386.46054386473,3433.07498843521,19.0396343713582,14.8637310651599,8.21398013243764,72.0140304858869,5373.62942202682,368.736502278603,4145.41702527292,19.4533013597577,15.6014622824852,8.33996032008454,86.7666562386321,4722.19720124097,352.224160902827,4777.43153632501,19.1830929182444,15.5497472040183,8.20725410987589,92.8864028824272,4149.73059305402,337.430166828409,5334.32298419925,18.756783673399,15.2633670017572,8.01993465801459,94.5461330601625,3646.6584684903,324.309497020052,5823.03065909635,18.3141838104904,14.9221076083056,7.82947188779809,94.0900477481651,3204.57023400134,312.70003359014,6250.77546425183,17.895601620642,14.5853503214671,7.65044736572209,92.7219833113942,2816.07504543066,302.428756847359,6624.44242919383,17.5123745496502,14.272157425305,7.48689197911209,91.0313287204948
"22",2.1,15836.7221577025,810.032520123955,3559.20517623284,1.6366373285615e-119,1.16819318028865e-59,1.05400888447098e-59,8.79118610266711e-112,6958.46137209761,402.590007072797,2640.26756828747,15.760159108967,11.5750182994457,6.91500420266459,42.8887776525319,6114.9194106652,386.460553386241,3433.0747161969,19.0396345569291,14.8637311606663,8.21398021916839,72.014029702409,5373.62982200918,368.736514409839,4145.41664484004,19.4533016215769,15.6014624286811,8.33996044031622,86.7666551786312,4722.19769846793,352.224175114487,4777.43104620935,19.1830932410686,15.5497473958895,8.20725425632389,92.8864017103733,4149.73116544507,337.430182362017,5334.32239727791,18.756784030535,15.2633672217452,8.01993481892314,94.5461318531304,3646.65908520222,324.309513076609,5823.03000509976,18.3141841754253,14.9221078365682,7.82947205173006,94.0900465140213,3204.57085759119,312.700049439761,6250.77478949687,17.8956019738162,14.5853505424372,7.65044752432912,92.7219820279612,2816.07563416879,302.428771846765,6624.44179244035,17.5123748788056,14.2721576286636,7.48689212722015,91.0313273550509
"23",2.2,15836.7223410051,810.032530116371,3559.20497768288,1.58302988675719e-119,1.14888749618198e-59,1.0365902221191e-59,8.51958486612996e-112,6958.46155419555,402.590014097753,2640.26739395226,15.7601592292653,11.5750183619937,6.91500425937262,42.8887773370706,6114.91969902264,386.460563065503,3433.0744466487,19.0396347521891,14.8637312641593,8.21398031001998,72.0140289654971,5373.63021849967,368.736526685187,4145.41626760927,19.4533018932699,15.6014625833266,8.33996056471185,86.7666541769902,4722.19819218333,352.224189465247,4777.43055957283,19.1830935738005,15.5497475963593,8.20725440693985,92.8864006031753,4149.73173457993,337.430198036124,5334.32181377368,18.7567843976526,15.2633674504234,8.01993498403007,94.5461307143762,3646.65969917056,324.309529278782,5823.02935404145,18.3141845504021,14.922108073568,7.82947221988768,94.0900453496669,3204.57147918269,312.700065442149,6250.7741167683,17.8956023370287,14.5853507721303,7.65044768716214,92.7219808146154,2816.07622185248,302.428787007992,6624.44115643647,17.5123752179652,14.2721578407059,7.48689227954107,91.0313260594832
"24",2.3,15836.7225206957,810.032540497988,3559.20478180849,1.53117833660136e-119,1.12990085985363e-59,1.01945942242435e-59,8.25637467367232e-112,6958.46173368891,402.590021299747,2640.26722165084,15.7601593576156,11.5750184306806,6.91500431957826,42.8887770479273,6114.91998420158,386.460572900591,3433.07417978008,19.0396349570412,14.8637313755622,8.21398040495073,72.0140282747718,5373.63061150608,368.736539102678,4145.41589357103,19.453302174733,15.6014627463371,8.33996069322709,86.7666532332358,4722.19868239032,352.224203953096,4777.43007640959,19.1830939163338,15.5497478053405,8.20725456167856,92.8863995603154,4149.7323004564,337.430213848699,5334.32123368723,18.7567847746465,15.2633676877051,8.01993515329061,94.5461296433707,3646.66031038732,324.309545624545,5823.02870593103,18.3141849353188,14.922108319221,7.82947239222761,94.0900442545828,3204.57209876181,312.700081595289,6250.77344608573,17.8956027101818,14.5853510104655,7.65044785417955,92.7219796708547,2816.07680846169,302.428802329015,6624.4405212111,17.5123755670339,14.2721580613533,7.48689243603445,91.0313248333017
"25",2.4,15836.7226967987,810.032551265044,3559.20458859605,1.48102516452168e-119,1.11122799868626e-59,1.002611728138e-59,8.0012962863389e-112,6958.46191059066,402.590028676881,2640.26705137382,15.7601594939411,11.5750185054495,6.91500438324798,42.8887767848848,6114.92026621334,386.460582889591,3433.07391558046,19.0396351713887,14.8637314947982,8.21398050391914,72.0140276298545,5373.6310010363,368.736551660351,4145.4155227157,19.4533024658627,15.6014629176284,8.33996082581776,86.7666523468961,4722.19916909223,352.224218576031,4777.4295967136,19.183094268563,15.5497480227461,8.20725472049492,92.8863985812767,4149.73286307248,337.430229797718,5334.32065701906,18.756785161412,15.2633679335038,8.0199353266601,94.5461286395857,3646.6609188447,324.309562111882,5823.02806077785,18.3141853300742,14.9221085734432,7.82947256870663,94.09004322825,3204.57271631471,312.700097897174,6250.77277746847,17.8956030931782,14.5853512573624,7.65044802533988,92.7219785961779,2816.07739397661,302.428817807815,6624.43988679284,17.5123759259172,14.2721582905275,7.48689259665997,91.0313236760172
"26",2.5,15836.7228693387,810.032562413787,3559.20439803195,1.43251474078132e-119,1.09286372719837e-59,9.86042460630129e-60,7.75409847428955e-112,6958.46208491382,402.590036227266,2640.26688311179,15.7601596381654,11.5750185862434,6.91500445034838,42.8887765477268,6114.92054506932,386.460593030597,3433.07365403925,19.0396353951355,14.863731621791,8.21398060688386,72.0140270303679,5373.63138709835,368.736564356258,4145.41515503355,19.4533027665559,15.6014630971166,8.33996096243985,86.7666515175001,4722.1996522925,352.224233332058,4777.42912047872,19.1830946303826,15.5497482484895,8.20725488334406,92.886397665543,4149.73342242632,337.430245881169,5334.32008376944,18.7567855578446,15.2633681877333,8.01993550409403,94.5461277024935,3646.66152453508,324.309578738782,5823.027418591,18.3141857345669,14.922108836151,7.82947274928161,94.0900422701504,3204.57333182778,312.700114345805,6250.77211093554,17.8956034859206,14.5853515127405,7.65044820060173,92.7219775900836,2816.07797837763,302.42883344238,6624.43925321002,17.5123762945206,14.2721585281504,7.48689276137745,91.0313225871407
"27",2.6,15836.7230383399,810.032573940482,3559.2042101026,1.38559325777461e-119,1.07480294560425e-59,9.69747018590321e-60,7.51453776935982e-112,6958.46225667146,402.59004394902,2640.26671685533,15.7601597902123,11.5750186730057,6.91500452084616,42.8887763362372,6114.92082078103,386.460603321711,3433.07339514579,19.0396356281856,14.8637317564645,8.21398071380371,72.0140264759359,5373.63176970038,368.736577188458,4145.41479051477,19.4533030767099,15.6014632847179,8.33996110304954,86.7666507445781,4722.20013199475,352.224248219193,4777.42864769865,19.1830950016877,15.5497484824844,8.20725505018121,92.8863968125994,4149.73397851626,337.430262097045,5334.31951393847,18.7567859638401,15.2633684503076,8.01993568554803,94.5461268315671,3646.66212745104,324.309595503242,5823.0267793793,18.314186148696,14.9221091072609,7.82947293390956,94.090041379766,3204.57394528757,312.700130939189,6250.77144650567,17.8956038883122,14.5853517765196,7.65044837992382,92.7219766520713,2816.07856164535,302.42884923071,6624.43862049066,17.51237667275,14.2721587741441,7.48689293014679,91.0313215661838
"28",2.7,15836.723203827,810.032585841406,3559.20402479435,1.34020867034383e-119,1.05704063839781e-59,9.53720876749922e-60,7.28237822526617e-112,6958.4624258767,402.59005184027,2640.266552595,15.7601599500061,11.5750187656799,6.91500459470819,42.888776150201,6114.92109336006,386.460613761047,3433.0731388894,19.0396358704436,14.863731898743,8.21398082463767,72.0140259661833,5373.63214885068,368.736590155021,4145.41442914949,19.4533033962225,15.6014634803491,8.33996124760316,86.7666500276616,4722.20060820275,352.224263235462,4777.42817836698,19.1830953823735,15.5497487246445,8.20725522096179,92.8863960219321,4149.73453134079,337.430278443348,5334.31894752603,18.7567863792945,15.2633687211409,8.01993587097785,94.5461260262805,3646.66272758536,324.309612403268,5823.02614315134,18.3141865723606,14.9221093866896,7.82947312254757,94.0900405565795,3204.57455668088,312.700147675342,6250.7707841973,17.8956043002561,14.5853520486198,7.65044856326497,92.7219757816406,2816.07914376062,302.428865170809,6624.43798866251,17.5123770605116,14.2721590284308,7.48689310292801,91.031320612659
"29",2.8,15836.7233658243,810.032598112851,3559.20384209359,1.29631063805085e-119,1.03957187295973e-59,9.3795958462534e-60,7.05739118521957e-112,6958.46259254271,402.590059899152,2640.26639032135,15.7601601174711,11.5750188642097,6.91500467190143,42.8887759894038,6114.92136281808,386.460624346726,3433.07288525936,19.0396361218143,14.863732048551,8.21398093934491,72.0140255007359,5373.63252455762,368.736603254026,4145.41407092776,19.4533037249917,15.601463683927,8.33996139605722,86.7666493662833,4722.20108092041,352.224278378898,4777.42771247715,19.1830957723358,15.5497489748841,8.20725539564135,92.8863952930281,4149.73508089858,337.430294918092,5334.3183845318,18.7567868041044,15.2633690001477,8.01993606033938,94.5461252861083,3646.66332493099,324.309629436875,5823.02550991544,18.3141870054605,14.9221096743541,7.82947331515287,94.0900398000741,3204.5751659947,312.700164552288,6250.77012402859,17.8956047216559,14.585352328961,7.65044875058411,92.7219749782917,2816.07972470446,302.428881260692,6624.43735775303,17.5123774577115,14.2721592909331,7.48689327968127,91.0313197260788
"30",2.9,15836.7235243563,810.032610751121,3559.20366198669,1.25385046933975e-119,1.02239179818769e-59,9.22458765282148e-60,6.83935505671854e-112,6958.4627566827,402.590068123808,2640.26623002494,15.7601602925321,11.5750189685391,6.91500475239301,42.8887758536316,6114.92162916686,386.460635076879,3433.07263424492,19.0396363822031,14.8637322058134,8.21398105788474,72.0140250792209,5373.63289682973,368.736616483562,4145.41371583953,19.4533040629162,15.601463895369,8.33996154836843,86.7666487599772,4722.20155015179,352.224293647545,4777.42725002247,19.1830961714708,15.5497492331176,8.20725557417563,92.8863946253758,4149.73562718847,337.430311519295,5334.31782495529,18.7567872381665,15.2633692872427,8.01993625358864,94.5461246105259,3646.66391948107,324.309646602084,5823.02487967967,18.3141874478953,14.9221099701715,7.82947351168279,94.0900391097336,3204.5757732162,312.700181568058,6250.76946601741,17.8956051524154,14.5853526174638,7.65044894184026,92.7219742415252,2816.08030445813,302.42889749838,6624.43672778939,17.5123778642566,14.2721595615734,7.4868934603668,91.0313189059567
"31",3,15836.7236794476,810.032623752536,3559.20348446002,1.21278106752822e-119,1.0054956431492e-59,9.07214114119599e-60,6.62805509329998e-112,6958.46291830994,402.590076512391,2640.26607169628,15.7601604751142,11.5750190786123,6.91500483615016,42.8887757426714,6114.92189241825,386.460645949646,3433.07238583528,19.0396366515156,14.8637323704552,8.21398118021665,72.0140247012665,5373.63326567564,368.736629841727,4145.41336387471,19.4533044098949,15.6014641145927,8.33996170449364,86.7666482082784,4722.20201590109,352.224309039457,4777.42679099611,19.1830965796749,15.5497494992597,8.20725575652053,92.8863940184643,4149.73617020947,337.430328244988,5334.3172687958,18.7567876813779,15.2633695823408,8.0199364506818,94.5461239990097,3646.66451122892,324.309663896924,5823.02425245187,18.3141878995651,14.9221102740591,7.82947371209478,94.0900384850421,3204.57637833278,312.70019872069,6250.76881018134,17.8956055924386,14.5853529140485,7.65044913699256,92.7219735708421,2816.08088300308,302.428913881903,6624.43609879849,17.5123782800537,14.2721598402748,7.48689364494498,91.0313181518067
"32",3.1,15836.7238311226,810.032637113429,3559.20330949994,1.17305687856815e-119,9.88878715756697e-60,8.92221397675234e-60,6.4232831830327e-112,6958.46307743773,402.59008506306,2640.2659153259,15.7601606651426,11.5750191943736,6.91500492314024,42.8887756563108,6114.92215258417,386.460656963178,3433.07214001962,19.0396369296579,14.8637325424018,8.2139813063003,72.0140243665019,5373.63363110411,368.73664332663,4145.41301502312,19.4533047658271,15.6014643415158,8.33996186438988,86.7666477107233,4722.20247817267,352.224324552697,4777.42633539115,19.1830969968449,15.5497497732256,8.20725594263209,92.8863934717843,4149.73670996076,337.430345093207,5334.31671605243,18.7567881336359,15.2633698853573,8.01993665157518,94.5461234510367,3646.66510016806,324.309681319434,5823.02362823961,18.3141883603703,14.9221105859344,7.82947391634642,94.0900379254848,3204.57698133201,312.700216008232,6250.7681565377,17.8956060416297,14.5853532186359,7.65044933600026,92.721972965744,2816.08146032099,302.428930409299,6624.43547080693,17.5123787050099,14.2721601269602,7.48689383337628,91.0313174631431
"33",3.2,15836.7239794059,810.032650830146,3559.20313709282,1.13463384051716e-119,9.72536401464557e-60,8.77476452449243e-60,6.22483764354542e-112,6958.4632340794,402.590093773984,2640.2657609043,15.7601608625431,11.5750193157677,6.91500501333076,42.8887755943381,6114.92240967665,386.460668115632,3433.0718967871,19.0396372165364,14.8637327215789,8.21398143609552,72.0140240745577,5373.63399312399,368.736656936389,4145.4126692745,19.4533051306125,15.6014645760567,8.33996202801439,86.7666472668496,4722.20293697101,352.224340185337,4777.4258832005,19.1830974228781,15.5497500549305,8.20725613246653,92.8863929848271,4149.73724644166,337.430362061999,5334.31616672412,18.7567885948383,15.2633701962076,8.01993685622521,94.5461229660851,3646.66568629219,324.309698867659,5823.02300705022,18.3141888302115,14.9221109057151,7.82947412439538,94.090037430547,3204.5775822017,312.700233428738,6250.7675051035,17.8956064998933,14.5853535311468,7.6504495388227,92.721972425733,2816.08203639373,302.428947078614,6624.43484384103,17.5123791390326,14.2721604215529,7.4868940256213,91.0313168394812
"34",3.3,15836.7241243219,810.032664899049,3559.20296722501,1.09746933466529e-119,9.56464161987627e-60,8.62975183748253e-60,6.03252302338729e-112,6958.46338824835,402.590102643338,2640.26560842199,15.7601610672416,11.5750194427394,6.91500510668934,42.8887755565421,6114.92266370778,386.460679405179,3433.07165612682,19.039637512058,14.8637329079126,8.21398156956231,72.0140238250655,5373.63435174428,368.736670669131,4145.41232661853,19.4533055041514,15.6014648181339,8.33996219532454,86.7666468761963,4722.20339230075,352.224355935459,4777.42543441697,19.1830978576721,15.5497503442901,8.20725632598024,92.8863925570857,4149.73777965169,337.430379149421,5334.31562080959,18.7567890648832,15.2633705148075,8.01993706458849,94.5461225436335,3646.66626959518,324.309716539654,5823.02238889079,18.3141893089896,14.9221112333193,7.82947433619949,94.090036999715,3204.57818092981,312.700250980271,6250.7668558955,17.8956069671341,14.5853538515024,7.65044974541934,92.7219719503117,2816.0826112034,302.428963887903,6624.43421792684,17.5123795820296,14.2721607239764,7.48689422164074,91.0313162803368
"35",3.4,15836.7242658951,810.032679316512,3559.20279988288,1.06152213826241e-119,9.40657534040934e-60,8.48713564548229e-60,5.84614990952532e-112,6958.463539958,402.590111669308,2640.26545786946,15.7601612791643,11.5750195752337,6.91500520318375,42.8887755427127,6114.92291468973,386.460690829994,3433.07141802787,19.0396378161299,14.8637331013291,8.21398170666083,72.014023617658,5373.63470697407,368.736684522995,4145.41198704484,19.4533058863443,15.6014650676661,8.33996236627793,86.7666465383037,4722.20384416668,352.224371801153,4777.42498903324,19.1830983011249,15.5497506412203,8.20725652312979,92.8863921880539,4149.7383095905,337.430396353535,5334.3150783074,18.7567895436688,15.2633708410728,8.01993727662175,94.546122183162,3646.66685007108,324.309734333481,5823.02177376817,18.3141897966057,14.922111568665,7.82947455171666,94.0900366324756,3204.57877750452,312.700268660902,6250.76620893015,17.8956074432571,14.5853541796239,7.65044995574975,92.7219715389832,2816.0831847323,302.428980835229,6624.43359309009,17.5123800339088,14.2721610341544,7.48689442139543,91.0313157852261
"36",3.5,15836.7244041501,810.032694078924,3559.20263505279,1.02675237879414e-119,9.25112128100224e-60,8.34687634376159e-60,5.66553474078918e-112,6958.46368922182,402.590120850086,2640.26530923719,15.7601614982377,11.5750197131959,6.91500530278187,42.8887755526401,6114.92316263476,386.460702388266,3433.07118247929,19.0396381286597,14.863733301755,8.21398184735143,72.0140234519692,5373.63505882257,368.736698496127,4145.41165054295,19.4533062770922,15.6014653245727,8.33996254083229,86.7666462527133,4722.2042925737,352.224387780522,4777.42454704186,19.1830987531349,15.5497509456374,8.20725672387188,92.8863918772268,4149.73883625793,337.430413672416,5334.31453921591,18.7567900310941,15.2633711749199,8.01993749228188,94.5461218841513,3646.66742771415,324.30975224721,5823.02116168896,18.3141902929614,14.9221119116707,7.82947477090495,94.0900363283163,3204.57937191422,312.700286468708,6250.76556422364,17.8956079281675,14.5853545154328,7.65045016977361,92.7219711912512,2816.08375696291,302.428997918661,6624.43296935628,17.5123804945784,14.2721613520107,7.48689462484631,91.0313153536664
"37",3.6,15836.7245391114,810.032709182688,3559.2024727211,9.9312148975532e-120,9.09823627182985e-60,8.20893498210229e-60,5.49049962707949e-112,6958.4638360533,402.590130183874,2640.26516251566,15.7601617243886,11.5750198565713,6.91500540545172,42.8887755861155,6114.92340755519,386.46071407819,3433.07094947013,19.0396384495555,14.8637335091172,8.21398199159462,72.0140233276342,5373.63540729911,368.736712586686,4145.41131710234,19.4533066762966,15.6014655887729,8.33996271894557,86.7666460189681,4722.20473752689,352.224403871676,4777.42410843528,19.183099213601,15.5497512574578,8.2072569281634,92.8863916241009,4149.73935965397,337.430431104146,5334.31400353332,18.7567905270579,15.2633715162651,8.01993771152589,94.5461216460829,3646.66800251879,324.309770278922,5823.02055265953,18.3141907979583,14.9221122622549,7.82947499372254,94.0900360867253,3204.57996414747,312.700304401775,6250.7649217919,17.8956084217711,14.5853548588508,7.65045038745072,92.72197090662,2816.08432787796,302.42901513628,6624.43234675059,17.5123809639468,14.2721616774694,7.48689483195444,91.0313149851753
"38",3.7,15836.7246708033,810.032724624221,3559.20231287417,9.60592167872226e-120,8.94787785649616e-60,8.07327325398166e-60,5.32087217416168e-112,6958.46398046599,402.590139668881,2640.26501769532,15.7601619575442,11.5750200053058,6.91500551116147,42.8887756429305,6114.92364946344,386.460725897972,3433.07071898937,19.0396387787257,14.8637337233429,8.21398213935108,72.0140232442893,5373.63575241311,368.736726792838,4145.41098671244,19.4533070838592,15.6014658601867,8.33996290057588,86.7666458366123,4722.20517903142,352.224420072735,4777.42367320582,19.1830996824222,15.5497515765984,8.20725713596143,92.8863914281735,4149.73987977876,337.430448646816,5334.31347125761,18.7567910314597,15.2633718650253,8.01993793431098,94.5461214684398,3646.6685744796,324.309788426702,5823.01994668602,18.3141913114985,14.9221126203364,7.82947522012772,94.0900359071916,3204.58055419303,312.7003224582,6250.76428165056,17.8956089239734,14.5853552097996,7.65045060874098,92.7219706845945,2816.08489746035,302.429032486172,6624.43172529794,17.512381441923,14.2721620104547,7.48689504268101,91.0313146792712
"39",3.8,15836.7247992505,810.032740399953,3559.20215549836,9.29128331725862e-120,8.80000428024404e-60,7.93985348593464e-60,5.15648531387278e-112,6958.46412247345,402.590149303325,2640.26487476665,15.7601621976319,11.5750201593452,6.9150056198794,42.8887757228779,6114.92388837198,386.460737845828,3433.07049102598,19.0396391160792,14.8637339443596,8.21398229058167,72.0140232015721,5373.63609417412,368.73674111276,4145.41065936257,19.4533074996823,15.6014661387343,8.33996308568152,86.7666457051915,4722.20561709264,352.224436381829,4777.42324134568,19.1831001594982,15.5497519029763,8.20725734722319,92.8863912889436,4149.74039663261,337.430466298527,5334.31294238664,18.7567915441994,15.2633722211175,8.01993816059445,94.5461213507054,3646.66914359136,324.309806688646,5823.01934377432,18.3141918334844,14.9221129858344,7.82947545007894,94.0900357892048,3204.58114203987,312.700340636082,6250.76364381499,17.8956094346805,14.5853555682015,7.65045083360442,92.7219705246801,2816.0854656932,302.429049966432,6624.43110502297,17.5123819284159,14.2721623508913,7.48689525698729,91.0313144354732
"40",3.9,15836.7249244774,810.032756506331,3559.20200058004,8.98695081730578e-120,8.65457447835992e-60,7.80863862709182e-60,4.99717713957393e-112,6958.4642620893,402.590159085433,2640.2647337201,15.7601624445794,11.5750203186356,6.91500573157393,42.8887758257507,6114.92412429337,386.460749919983,3433.07026556891,19.039639461525,14.8637341720951,8.21398244524742,72.0140231991211,5373.63643259179,368.73675554464,4145.41033504204,19.4533079236685,15.6014664243359,8.33996327422097,86.7666456242528,4722.20605171601,352.224452797098,4777.42281284694,19.1831006447289,15.5497522365091,8.20725756190609,92.8863912059112,4149.74091021598,337.430484057388,5334.31241691803,18.7567920651768,15.2633725844589,8.0199383903338,94.5461212923646,3646.66970984901,324.309825062859,5823.0187439301,18.3141923638184,14.922113358668,7.82947568353473,94.0900357322554,3204.58172767712,312.700358933534,6250.76300830027,17.8956099537989,14.5853559339786,7.65045106200117,92.7219704263829,2816.08603255982,302.429067575165,6624.43048595003,17.5123824233347,14.2721626987038,7.48689547483472,91.031314253301
"41",4,15836.7250465084,810.032772939812,3559.20184810558,8.69258661423562e-120,8.51154806476999e-60,7.67959223889038e-60,4.84279074668651e-112,6958.46439932716,402.590169013438,2640.26459454611,15.7601626983147,11.5750204831233,6.91500584621361,42.8887759513429,6114.92435724024,386.460762118669,3433.07004260707,19.039639814973,14.8637344064775,8.21398260330953,72.0140232365764,5373.63676767587,368.736770086675,4145.41001374006,19.4533083557211,15.6014667169125,8.33996346615289,86.7666455933443,4722.20648290713,352.224469316691,4777.4223877016,19.1831011380147,15.5497525771144,8.2072577799677,92.8863911785778,4149.7414205295,337.430501921517,5334.31189484928,18.7567925942926,15.2633729549671,8.01993862348664,94.546121292903,3646.67027324768,324.309843547453,5823.01814715877,18.3141929024037,14.9221137387568,7.8294759204538,94.0900357358345,3204.58231109412,312.700377348674,6250.76237512125,17.895610481235,14.5853563070534,7.65045129389147,92.7219703892098,2816.08659804375,302.429085310482,6624.42986810321,17.5123829265892,14.2721630538171,7.48689569618481,91.0313141322752
"42",4.1,15836.725165368,810.032789696871,3559.20169806134,8.4078642002228e-120,8.37088532082501e-60,7.55267848495505e-60,4.69317407815487e-112,6958.46453420072,402.590179085584,2640.26445723514,15.7601629587663,11.575020652755,6.91500596376712,42.8887760994492,6114.92458722527,386.460774440132,3433.06982212936,19.039640176333,14.8637346474351,8.21398276472939,72.014023313579,5373.63709943622,368.73678473707,4145.40969544579,19.4533087957435,15.6014670163852,8.33996366143614,86.7666456120159,4722.20691067175,352.224485938768,4777.4219659015,19.1831016392565,15.5497529247104,8.2072580013658,92.8863912064459,4149.74192757395,337.430519889043,5334.31137617769,18.7567931314475,15.26337333256,8.01993886001076,94.5461213518075,3646.67083378267,324.309862140548,5823.01755346556,18.3141934491433,14.9221141260205,7.82947616079495,94.0900357994342,3204.5828922804,312.700395879627,6250.76174429247,17.8956110168958,14.5853566873486,7.6504515292357,92.7219704126682,2816.08716212869,302.429103170503,6624.4292515063,17.5123834380892,14.2721634161564,7.48689592099924,91.0313140719169
"43",4.2,15836.7252810807,810.032806773995,3559.20155043371,8.13246776208332e-120,8.23254718427031e-60,7.4278621211463e-60,4.54817977468351e-112,6958.46466672366,402.590189300122,2640.26432177761,15.7601632258627,11.5750208274773,6.91500608420329,42.888776269865,6114.92481426124,386.460786882622,3433.06960412465,19.0396405455155,14.8637348948969,8.21398292946854,72.0140234297713,5373.63742788281,368.736799494044,4145.40938014835,19.4533092436397,15.6014673226754,8.33996386002975,86.7666456798188,4722.20733501572,352.224502661498,4777.4215474384,19.1831021483553,15.5497532792154,8.20725822605829,92.8863912890195,4149.74243135025,337.430537958102,5334.31086090039,18.7567936765427,15.2633737171556,8.01993909986408,94.5461214685659,3646.67139144944,324.309880840275,5823.01696285542,18.3141940039409,14.922114520379,7.82947640451713,94.0900359225473,3204.58347122568,312.700414524529,6250.76111582823,17.8956115606883,14.5853570747871,7.65045176799435,92.7219704962662,2816.08772479857,302.429121153358,6624.42863618283,17.5123839577448,14.2721637856471,7.48689614923977,91.0313140717482
"44",4.3,15836.7253936708,810.032824167686,3559.20140520907,7.86609183097557e-120,8.0964952383982e-60,7.30510848577297e-60,4.40766502960105e-112,6958.46479690972,402.590199655311,2640.26418816396,15.7601634995328,11.5750210072373,6.91500620749107,42.8887764623864,6114.92503836098,386.460799444404,3433.06938858179,19.0396409224313,14.8637351487916,8.21398309748872,72.0140235847969,5373.6377530257,368.736814355823,4145.40906783677,19.4533096993141,15.6014676357048,8.33996406189294,86.7666457963054,4722.20775594504,352.22451948306,4777.42113230396,19.1831026652129,15.5497536405482,8.20725845400329,92.8863914258041,4149.7429318595,337.430556126841,5334.31034901435,18.7567942294797,15.2633741086724,8.01993934300471,94.5461216426672,3646.67194624365,324.30989964477,5823.01637533312,18.3141945667001,14.9221149217526,7.82947665157942,94.0900361046674,3204.58404791986,312.700433281522,6250.76048974255,17.8956121125199,14.585357469292,7.65045201012803,92.7219706395125,2816.08828603751,302.429139257183,6624.42802215606,17.5123844854665,14.2721641622146,7.4868963808683,91.0313141312917
"45",4.4,15836.7255031627,810.03284187446,3559.20126237379,7.60844094357526e-120,7.96269170137954e-60,7.18438348996665e-60,4.27149144820818e-112,6958.46492477265,402.59021014942,2640.26405638462,15.7601637797059,11.5750211919822,6.91500633359955,42.8887766768103,6114.92525953738,386.460812123748,3433.0691754896,19.0396413069917,14.8637354090487,8.21398326875182,72.0140237783006,5373.63807487506,368.736829320644,4145.40875850004,19.4533101626714,15.6014679553957,8.33996426698512,86.7666459610297,4722.20817346584,352.224536401643,4777.4207204897,19.1831031897312,15.5497540086278,8.2072586851591,92.8863916163062,4149.74342910292,337.430574393414,5334.30984051636,18.7567947901604,15.263374507029,8.01993958939089,94.5461218736015,3646.67249816111,324.309918552181,5823.01579090316,18.3141951373253,14.9221153300617,7.82947690194103,94.0900363452893,3204.58462235304,312.700452148758,6250.75986604919,17.8956126722984,14.5853578707867,7.65045225559745,92.7219708419167,2816.08884582982,302.429157480123,6624.42740944897,17.512385021165,14.2721645457849,7.48689661584685,91.0313142500709
"46",4.5,15836.7256095808,810.032859890847,3559.20112191427,7.35922931434846e-120,7.83109941577171e-60,7.06565360821523e-60,4.13952491147103e-112,6958.46505032624,402.590220780724,2640.26392643003,15.7601640663116,11.5750213816595,6.91500646249794,42.8887769129343,6114.92547780341,386.460824918936,3433.06896483688,19.0396416991083,14.8637356755979,8.21398344321992,72.0140240099284,5373.63839344117,368.736844386753,4145.40845212711,19.453310633617,15.6014682816704,8.33996447526587,86.7666461735472,4722.20858758438,352.224553415446,4777.42031198706,19.1831037218127,15.5497543833736,8.20725891948416,92.8863918600339,4149.7439230819,337.430592755988,5334.30933540307,18.756795358487,15.2633749121443,8.01993983898102,94.5461221608601,3646.67304719779,324.309937560663,5823.01520956986,18.3141957157208,14.922115745227,7.82947715556132,94.0900366439081,3204.58519451547,312.700471124396,6250.75924476165,17.8956132399317,14.5853582791945,7.65045250436346,92.7219711029891,2816.08940416003,302.429175820331,6624.42679808425,17.5123855647512,14.2721649362838,7.48689685413757,91.0313144276101
"47",4.6,15836.7257129495,810.032878213392,3559.2009838169,7.11818051855922e-120,7.70168183819992e-60,6.9488858690527e-60,4.01163544392568e-112,6958.46517358429,402.590231547509,2640.26379829059,15.7601643592797,11.5750215762167,6.9150065941556,42.8887771705567,6114.92569317211,386.460837828259,3433.06875661242,19.0396420986931,14.863735948369,8.21398362085529,72.0140242793276,5373.63870873438,368.736859552408,4145.40814870684,19.4533111120565,15.6014686144519,8.33996468669499,86.7666464334147,4722.20899830705,352.224570522677,4777.41990678737,19.1831042613601,15.5497547647052,8.20725915693713,92.8863921564967,4149.744413798,337.430611212735,5334.30883367093,18.7567959343622,15.2633753239376,8.01994009173367,94.5461225039353,3646.67359334986,324.309956668379,5823.01463133729,18.3141963017914,14.9221161671694,7.82947741239976,94.0900370000203,3204.58576439764,312.700490206604,6250.75862589317,17.895613815328,14.5853586944394,7.65045275638704,92.7219714222407,2816.08996101284,302.429194275971,6624.42618808435,17.5123861161365,14.2721653336377,7.48689709570272,91.0313146634342
"48",4.7,15836.7258132931,810.032896838653,3559.20084806809,6.88502718566011e-120,7.57440302920905e-60,6.83404784590305e-60,3.88769708566371e-112,6958.46529456063,402.590242448068,2640.26367195675,15.7601646585403,11.5750217756018,6.91500672854202,42.8887774494765,6114.92590565656,386.460850850016,3433.06855080499,19.0396425056586,14.8637362272923,8.21398380162034,72.0140245861469,5373.63902076517,368.736874815875,4145.40784822808,19.4533115978961,15.601468953663,8.33996490123244,86.7666467401907,4722.20940564034,352.224587721554,4777.41950488185,19.1831048082769,15.5497551525426,8.20725939747682,92.8863925052054,4149.74490125288,337.43062976184,5334.30833531626,18.7567965176889,15.2633757423284,8.01994034760756,94.5461229023207,3646.67413661363,324.309975873502,5823.01405620931,18.3141968954421,14.92211659581,7.82947767241597,94.0900374131231,3204.58633199017,312.700509393556,6250.75800945671,17.8956143983959,14.5853591164453,7.65045301162927,92.7219717991832,2816.09051637316,302.429212845212,6624.42557947141,17.5123866752324,14.272165737773,7.48689734050469,91.0313149570692
"49",4.8,15836.7259106359,810.032915763204,3559.20071465426,6.65951070272571e-120,7.44922764328323e-60,6.72110764807524e-60,3.76758776827272e-112,6958.46541326912,402.590253480701,2640.26354741891,15.760164964024,11.5750219797629,6.91500686562681,42.8887777494937,6114.92611526991,386.460863982517,3433.06834740331,19.0396429199177,14.8637365122984,8.2139839854777,72.0140249300361,5373.63932954409,368.736890175432,4145.40755067958,19.4533120910422,15.6014692992275,8.33996511883838,86.7666470934348,4722.20980959091,352.224605010308,4777.41910626164,19.1831053624666,15.5497555468063,8.20725964106225,92.8863929056722,4149.74538544839,337.430648401496,5334.30784033519,18.7567971083706,15.2633761672366,8.01994060656157,94.5461233555111,3646.67467698559,324.309995174213,5823.01348418957,18.3141974965785,14.9221170310704,7.82947793556972,94.0900378827147,3204.5868972839,312.700528683437,6250.75739546501,17.8956149890442,14.5853595451363,7.65045327005138,92.7219722333292,2816.09107022609,302.429231526232,6624.42497226735,17.5123872419508,14.2721661486164,7.486897588506,91.0313153080416
"50",4.9,15836.7260050021,810.032934983632,3559.20058356181,6.44138092759997e-120,7.32612091903032e-60,6.6100339119072e-60,3.6511891946097e-112,6958.46552972363,402.590264643718,2640.26342466749,15.7601652756615,11.5750221886483,6.91500700537976,42.8887780704088,6114.92632202539,386.460877224082,3433.06814639613,19.0396433413836,14.8637368033182,8.21398417239014,72.0140253106462,5373.63963508181,368.736905629364,4145.40725605008,19.453312591402,15.601469651069,8.33996533947316,86.7666474927084,4722.21021016549,352.224622387175,4777.41871091774,19.1831059238333,15.5497559474168,8.2072598876526,92.8863933574108,4149.74586638651,337.430667129904,5334.30734872374,18.7567977063109,15.2633765985822,8.01994086855476,94.5461238630023,3646.67521446239,324.310014568703,5823.01291528149,18.3141981051062,14.9221174728721,7.82947820182091,94.0900384082941,3204.58746026983,312.70054807444,6250.75678393052,17.895615587182,14.5853599804368,7.65045353161469,92.721972724192,2816.09162255692,302.429250317219,6624.42436649376,17.5123878162039,14.2721665660948,7.48689783966928,91.031315715879
"51",5,15836.726096416,810.032954496539,3559.20045477717,6.23039591143932e-120,7.20504866952862e-60,6.50079579205604e-60,3.53838672228867e-112,6958.46564393806,402.590275935439,2640.26330369292,15.7601655933838,11.5750224022066,6.91500714777073,42.8887784120231,6114.92652593626,386.460890573039,3433.06794777215,19.03964376997,14.8637371002829,8.21398436232063,72.0140257276296,5373.63993738907,368.736921175971,4145.40696432825,19.4533130988829,15.6014700091118,8.33996556309733,86.7666479375742,4722.21060737099,352.224639850406,4777.4183188411,19.1831064922817,15.5497563542952,8.20726013720725,92.8863938599363,4149.74634406937,337.430685945277,5334.30686047772,18.7567983114139,15.2633770362857,8.01994113354634,94.5461244242916,3646.67574904086,324.310034055168,5823.01234948829,18.3141987209312,14.9221179211371,7.82947847112957,94.0900389893615,3204.58802093915,312.700567564764,6250.75617486544,17.8956161927187,14.5853604222716,7.65045379628068,92.7219732712858,2816.09217335115,302.429269216368,6624.42376217201,17.512388397904,14.2721669901353,7.4868980939573,91.0313161801097
